patientID,SEX,AAGE,CRFHIST,TOBACUSE,ECOGPS,PDL1,TMB,TCR_Shannon,TCR_Richness,TCR_Evenness,BCR_Shannon,BCR_Richness,BCR_Evenness,PFS,OS,BOR,drug
Hye_01,M,72,SQUAMOUS,NA,NA,0,NA,NA,NA,NA,NA,NA,NA,0.5,1.1,PD,NIVOLUMAB
Hye_02,M,76,SQUAMOUS,NA,NA,100,NA,NA,NA,NA,NA,NA,NA,13.8,14.1,NON-PD,NIVOLUMAB
Hye_03,M,65,SQUAMOUS,NA,NA,NA,NA,NA,NA,NA,NA,NA,NA,2.3,11.2,PD,NIVOLUMAB
Hye_04,F,55,NON-SQUAMOUS,NA,NA,100,NA,NA,NA,NA,NA,NA,NA,13.5,18.7,NON-PD,NIVOLUMAB
Hye_05,M,72,NON-SQUAMOUS,NA,NA,0,NA,NA,NA,NA,NA,NA,NA,2.8,9.6,PD,NIVOLUMAB
Hye_06,M,54,NON-SQUAMOUS,NA,NA,0,NA,NA,NA,NA,NA,NA,NA,0.8,0.8,PD,NIVOLUMAB
Hye_07,M,66,SQUAMOUS,NA,NA,0,NA,NA,NA,NA,NA,NA,NA,1.1,3.5,PD,NIVOLUMAB
Hye_08,F,34,NON-SQUAMOUS,NA,NA,0,NA,NA,NA,NA,NA,NA,NA,1,1,PD,NIVOLUMAB
Hye_09,M,61,SQUAMOUS,NA,NA,NA,NA,NA,NA,NA,NA,NA,NA,0.7,1,PD,NIVOLUMAB
Hye_10,M,75,SQUAMOUS,NA,NA,100,NA,NA,NA,NA,NA,NA,NA,14.2,14.2,NON-PD,NIVOLUMAB
Hye_11,M,47,NON-SQUAMOUS,NA,NA,0,NA,NA,NA,NA,NA,NA,NA,2.1,3.1,PD,NIVOLUMAB
Hye_12,M,65,SQUAMOUS,NA,NA,0,NA,NA,NA,NA,NA,NA,NA,3.4,12.7,PD,NIVOLUMAB
Hye_15,M,58,NON-SQUAMOUS,NA,NA,0,NA,NA,NA,NA,NA,NA,NA,17.7,18.1,NON-PD,NIVOLUMAB
Hye_16,M,56,NON-SQUAMOUS,NA,NA,100,NA,NA,NA,NA,NA,NA,NA,3.6,10.2,PD,NIVOLUMAB
Hye_17,M,64,SQUAMOUS,NA,NA,0,NA,NA,NA,NA,NA,NA,NA,7.3,12.9,SD,NIVOLUMAB
Hye_18,M,67,SQUAMOUS,NA,NA,100,NA,NA,NA,NA,NA,NA,NA,0.5,1.7,PD,NIVOLUMAB
